timestamp_et,epoch,ticker,open,high,low,close,volume
2024-07-16 09:30:00,1721136600,LNT,53.849998474121094,54.709999084472656,53.56999969482422,54.65999984741211,1528700
2024-07-17 09:30:00,1721223000,LNT,54.970001220703125,55.95000076293945,54.90999984741211,55.54999923706055,2078300
2024-07-18 09:30:00,1721309400,LNT,55.349998474121094,56.29999923706055,54.95000076293945,55.0099983215332,1735100
2024-07-19 09:30:00,1721395800,LNT,55.130001068115234,55.279998779296875,54.560001373291016,54.84000015258789,1790600
2024-07-22 09:30:00,1721655000,LNT,54.959999084472656,55.36000061035156,54.810001373291016,55.0,1185300
2024-07-23 09:30:00,1721741400,LNT,55.0,55.119998931884766,54.61000061035156,54.650001525878906,1089600
2024-07-24 09:30:00,1721827800,LNT,54.900001525878906,55.84000015258789,54.81999969482422,55.65999984741211,1128900
2024-07-25 09:30:00,1721914200,LNT,56.04999923706055,56.790000915527344,55.41999816894531,55.84000015258789,1556100
2024-07-26 09:30:00,1722000600,LNT,56.09000015258789,56.20000076293945,55.66999816894531,56.0099983215332,1263400
2024-07-29 09:30:00,1722259800,LNT,56.130001068115234,56.18000030517578,55.52000045776367,55.880001068115234,1256800
2024-07-30 09:30:00,1722346200,LNT,55.68000030517578,56.209999084472656,55.59000015258789,56.130001068115234,1675100
2024-07-31 09:30:00,1722432600,LNT,55.93000030517578,55.9900016784668,54.97999954223633,55.65999984741211,2770700
2024-08-01 09:30:00,1722519000,LNT,55.90999984741211,56.7400016784668,55.810001373291016,56.61000061035156,2082900
2024-08-02 09:30:00,1722605400,LNT,58.470001220703125,58.689998626708984,56.11000061035156,57.11000061035156,2275200
2024-08-05 09:30:00,1722864600,LNT,58.029998779296875,58.2400016784668,55.189998626708984,55.22999954223633,1744900
2024-08-06 09:30:00,1722951000,LNT,55.29999923706055,56.400001525878906,55.29999923706055,55.7400016784668,1653500
2024-08-07 09:30:00,1723037400,LNT,56.029998779296875,56.720001220703125,55.720001220703125,55.93000030517578,1302400
2024-08-08 09:30:00,1723123800,LNT,55.560001373291016,56.29999923706055,55.459999084472656,55.900001525878906,964500
2024-08-09 09:30:00,1723210200,LNT,55.77000045776367,56.150001525878906,55.16999816894531,56.06999969482422,1243000
2024-08-12 09:30:00,1723469400,LNT,55.97999954223633,56.2599983215332,55.560001373291016,55.959999084472656,865600
2024-08-13 09:30:00,1723555800,LNT,56.58000183105469,56.59000015258789,55.880001068115234,56.2599983215332,1368100
2024-08-14 09:30:00,1723642200,LNT,56.130001068115234,57.029998779296875,55.97999954223633,56.47999954223633,1604100
2024-08-15 09:30:00,1723728600,LNT,56.18000030517578,56.95000076293945,56.11000061035156,56.939998626708984,1694500
2024-08-16 09:30:00,1723815000,LNT,56.959999084472656,57.63999938964844,56.77000045776367,57.369998931884766,1436000
2024-08-19 09:30:00,1724074200,LNT,57.5,57.84000015258789,57.459999084472656,57.66999816894531,776300
2024-08-20 09:30:00,1724160600,LNT,57.66999816894531,57.88999938964844,57.369998931884766,57.540000915527344,761100
2024-08-21 09:30:00,1724247000,LNT,57.63999938964844,57.93000030517578,57.5,57.79999923706055,691200
2024-08-22 09:30:00,1724333400,LNT,57.90999984741211,58.04999923706055,57.5099983215332,57.869998931884766,950200
2024-08-23 09:30:00,1724419800,LNT,57.93000030517578,58.25,57.7400016784668,58.029998779296875,630200
2024-08-26 09:30:00,1724679000,LNT,58.2400016784668,58.4900016784668,58.040000915527344,58.220001220703125,683600
2024-08-27 09:30:00,1724765400,LNT,58.18000030517578,58.25,57.54999923706055,57.59000015258789,664000
2024-08-28 09:30:00,1724851800,LNT,57.68000030517578,58.150001525878906,57.619998931884766,57.79999923706055,972100
2024-08-29 09:30:00,1724938200,LNT,57.72999954223633,57.97999954223633,57.2400016784668,57.95000076293945,741600
2024-08-30 09:30:00,1725024600,LNT,58.040000915527344,58.40999984741211,57.790000915527344,58.27000045776367,1096700
2024-09-03 09:30:00,1725370200,LNT,58.400001525878906,59.220001220703125,58.2400016784668,58.790000915527344,1276300
2024-09-04 09:30:00,1725456600,LNT,58.95000076293945,59.47999954223633,58.709999084472656,59.130001068115234,1149600
2024-09-05 09:30:00,1725543000,LNT,59.79999923706055,59.79999923706055,58.779998779296875,58.970001220703125,1126100
2024-09-06 09:30:00,1725629400,LNT,59.029998779296875,59.060001373291016,58.5099983215332,58.58000183105469,996100
2024-09-09 09:30:00,1725888600,LNT,58.77000045776367,59.2599983215332,58.560001373291016,59.25,901600
2024-09-10 09:30:00,1725975000,LNT,59.25,59.5099983215332,59.02000045776367,59.349998474121094,1107500
2024-09-11 09:30:00,1726061400,LNT,59.08000183105469,59.220001220703125,58.5099983215332,59.0,1067500
2024-09-12 09:30:00,1726147800,LNT,59.040000915527344,59.29999923706055,58.5099983215332,58.90999984741211,952000
2024-09-13 09:30:00,1726234200,LNT,59.150001525878906,59.65999984741211,58.79999923706055,59.650001525878906,797700
2024-09-16 09:30:00,1726493400,LNT,59.900001525878906,60.5099983215332,59.7400016784668,60.5099983215332,1439200
2024-09-17 09:30:00,1726579800,LNT,60.349998474121094,60.66999816894531,60.150001525878906,60.310001373291016,1054600
2024-09-18 09:30:00,1726666200,LNT,60.11000061035156,60.54999923706055,59.95000076293945,60.33000183105469,1331500
2024-09-19 09:30:00,1726752600,LNT,59.97999954223633,60.11000061035156,59.34000015258789,59.75,1462800
2024-09-20 09:30:00,1726839000,LNT,59.790000915527344,60.060001373291016,59.4900016784668,59.720001220703125,3115300
2024-09-23 09:30:00,1727098200,LNT,60.029998779296875,60.40999984741211,59.849998474121094,60.349998474121094,1103800
2024-09-24 09:30:00,1727184600,LNT,59.83000183105469,60.7599983215332,59.5099983215332,60.04999923706055,924700
2024-09-25 09:30:00,1727271000,LNT,60.380001068115234,60.380001068115234,59.720001220703125,59.95000076293945,1179700
2024-09-26 09:30:00,1727357400,LNT,59.90999984741211,60.5099983215332,59.72999954223633,59.900001525878906,1046000
2024-09-27 09:30:00,1727443800,LNT,60.15999984741211,60.86000061035156,59.93000030517578,60.7400016784668,1074700
2024-09-30 09:30:00,1727703000,LNT,60.7400016784668,61.040000915527344,60.2400016784668,60.689998626708984,1537800
2024-10-01 09:30:00,1727789400,LNT,60.470001220703125,61.09000015258789,60.150001525878906,61.02000045776367,1609500
2024-10-02 09:30:00,1727875800,LNT,60.4900016784668,61.02000045776367,60.400001525878906,60.59000015258789,1456100
2024-10-03 09:30:00,1727962200,LNT,60.63999938964844,60.93000030517578,60.400001525878906,60.56999969482422,898400
2024-10-04 09:30:00,1728048600,LNT,60.2599983215332,60.369998931884766,59.72999954223633,60.189998626708984,935700
2024-10-07 09:30:00,1728307800,LNT,59.79999923706055,59.91999816894531,59.20000076293945,59.34000015258789,1440400
2024-10-08 09:30:00,1728394200,LNT,59.45000076293945,59.939998626708984,59.33000183105469,59.59000015258789,1664100
2024-10-09 09:30:00,1728480600,LNT,59.61000061035156,60.02000045776367,59.290000915527344,59.560001373291016,1131000
2024-10-10 09:30:00,1728567000,LNT,59.66999816894531,59.9900016784668,58.93000030517578,58.97999954223633,1103900
2024-10-11 09:30:00,1728653400,LNT,58.97999954223633,59.75,58.97999954223633,59.66999816894531,1120800
2024-10-14 09:30:00,1728912600,LNT,59.81999969482422,60.47999954223633,59.63999938964844,60.380001068115234,977600
2024-10-15 09:30:00,1728999000,LNT,60.880001068115234,61.650001525878906,60.72999954223633,61.08000183105469,1615500
2024-10-16 09:30:00,1729085400,LNT,61.15999984741211,62.41999816894531,61.119998931884766,62.290000915527344,1760600
2024-10-17 09:30:00,1729171800,LNT,62.34000015258789,62.4900016784668,61.900001525878906,61.97999954223633,1585400
2024-10-18 09:30:00,1729258200,LNT,61.83000183105469,62.349998474121094,61.59000015258789,62.16999816894531,1212400
2024-10-21 09:30:00,1729517400,LNT,62.22999954223633,62.2400016784668,61.31999969482422,61.36000061035156,973100
2024-10-22 09:30:00,1729603800,LNT,60.959999084472656,61.31999969482422,60.72999954223633,61.040000915527344,1272600
2024-10-23 09:30:00,1729690200,LNT,61.09000015258789,61.939998626708984,60.91999816894531,61.91999816894531,1082100
2024-10-24 09:30:00,1729776600,LNT,61.91999816894531,62.13999938964844,61.61000061035156,61.90999984741211,1049800
2024-10-25 09:30:00,1729863000,LNT,62.130001068115234,62.13999938964844,60.68000030517578,60.7400016784668,976400
2024-10-28 09:30:00,1730122200,LNT,60.97999954223633,61.34000015258789,60.93000030517578,61.13999938964844,1175300
2024-10-29 09:30:00,1730208600,LNT,60.54999923706055,60.689998626708984,59.66999816894531,59.70000076293945,1847100
2024-10-30 09:30:00,1730295000,LNT,59.81999969482422,60.060001373291016,59.13999938964844,59.279998779296875,1825100
2024-10-31 09:30:00,1730381400,LNT,58.939998626708984,60.459999084472656,58.939998626708984,60.0,3108100
2024-11-01 09:30:00,1730467800,LNT,58.84000015258789,59.66999816894531,57.36000061035156,57.7400016784668,3222700
2024-11-04 09:30:00,1730730600,LNT,57.560001373291016,58.13999938964844,57.0,57.5099983215332,2404100
2024-11-05 09:30:00,1730817000,LNT,57.34000015258789,58.16999816894531,57.220001220703125,58.119998931884766,1496400
2024-11-06 09:30:00,1730903400,LNT,57.4900016784668,57.560001373291016,56.2599983215332,57.0,2482600
2024-11-07 09:30:00,1730989800,LNT,57.04999923706055,57.34000015258789,56.08000183105469,56.2400016784668,2424900
2024-11-08 09:30:00,1731076200,LNT,56.43000030517578,57.97999954223633,56.20000076293945,57.75,2340500
2024-11-11 09:30:00,1731335400,LNT,57.779998779296875,60.02000045776367,57.779998779296875,59.91999816894531,3295000
2024-11-12 09:30:00,1731421800,LNT,59.91999816894531,60.529998779296875,59.779998779296875,59.93000030517578,2733300
2024-11-13 09:30:00,1731508200,LNT,60.08000183105469,60.22999954223633,59.36000061035156,60.13999938964844,1751100
2024-11-14 09:30:00,1731594600,LNT,60.15999984741211,60.2400016784668,59.439998626708984,59.5,2019800
2024-11-15 09:30:00,1731681000,LNT,59.45000076293945,61.040000915527344,59.400001525878906,60.97999954223633,2284800
2024-11-18 09:30:00,1731940200,LNT,60.790000915527344,61.93000030517578,60.689998626708984,61.810001373291016,2047900
2024-11-19 09:30:00,1732026600,LNT,61.4900016784668,62.31999969482422,61.130001068115234,62.25,1423200
2024-11-20 09:30:00,1732113000,LNT,62.22999954223633,62.59000015258789,61.66999816894531,62.22999954223633,1352500
2024-11-21 09:30:00,1732199400,LNT,62.22999954223633,63.27000045776367,62.0099983215332,63.20000076293945,1367400
2024-11-22 09:30:00,1732285800,LNT,63.56999969482422,63.630001068115234,63.130001068115234,63.31999969482422,1461800
2024-11-25 09:30:00,1732545000,LNT,63.84000015258789,64.19000244140625,63.13999938964844,63.630001068115234,2362800
2024-11-26 09:30:00,1732631400,LNT,63.90999984741211,63.91999816894531,63.08000183105469,63.34000015258789,1715200
2024-11-27 09:30:00,1732717800,LNT,63.720001220703125,64.05000305175781,63.369998931884766,63.59000015258789,1383200
2024-11-29 09:30:00,1732890600,LNT,63.33000183105469,63.56999969482422,63.11000061035156,63.20000076293945,838000
2024-12-02 09:30:00,1733149800,LNT,63.20000076293945,63.380001068115234,61.900001525878906,62.279998779296875,1368400
2024-12-03 09:30:00,1733236200,LNT,62.65999984741211,62.81999969482422,61.810001373291016,61.83000183105469,1165700
2024-12-04 09:30:00,1733322600,LNT,61.95000076293945,62.119998931884766,61.56999969482422,61.779998779296875,1488400
2024-12-05 09:30:00,1733409000,LNT,61.58000183105469,62.119998931884766,61.2400016784668,61.540000915527344,1232800
2024-12-06 09:30:00,1733495400,LNT,61.56999969482422,61.68000030517578,60.79999923706055,61.060001373291016,1773100
2024-12-09 09:30:00,1733754600,LNT,60.849998474121094,61.15999984741211,60.630001068115234,60.90999984741211,1387100
2024-12-10 09:30:00,1733841000,LNT,60.650001525878906,61.04999923706055,59.709999084472656,60.70000076293945,1052200
2024-12-11 09:30:00,1733927400,LNT,60.79999923706055,60.81999969482422,60.2400016784668,60.40999984741211,1251200
2024-12-12 09:30:00,1734013800,LNT,60.38999938964844,60.70000076293945,59.90999984741211,60.470001220703125,1264800
2024-12-13 09:30:00,1734100200,LNT,60.5099983215332,60.939998626708984,60.310001373291016,60.45000076293945,855900
2024-12-16 09:30:00,1734359400,LNT,60.40999984741211,60.7400016784668,59.849998474121094,59.880001068115234,1382300
2024-12-17 09:30:00,1734445800,LNT,59.52000045776367,59.93000030517578,59.25,59.56999969482422,1509000
2024-12-18 09:30:00,1734532200,LNT,59.619998931884766,59.709999084472656,58.11000061035156,58.150001525878906,2036900
2024-12-19 09:30:00,1734618600,LNT,57.88999938964844,59.08000183105469,57.88999938964844,58.2599983215332,1730300
2024-12-20 09:30:00,1734705000,LNT,58.47999954223633,59.099998474121094,58.369998931884766,58.95000076293945,2617700
2024-12-23 09:30:00,1734964200,LNT,58.72999954223633,59.33000183105469,58.33000183105469,59.2599983215332,1239200
2024-12-24 09:30:00,1735050600,LNT,59.220001220703125,59.630001068115234,59.0099983215332,59.619998931884766,397300
2024-12-26 09:30:00,1735223400,LNT,59.380001068115234,59.83000183105469,59.29999923706055,59.650001525878906,844500
2024-12-27 09:30:00,1735309800,LNT,59.279998779296875,60.09000015258789,58.63999938964844,59.540000915527344,728900
2024-12-30 09:30:00,1735569000,LNT,59.529998779296875,59.529998779296875,58.84000015258789,59.33000183105469,1267300
2024-12-31 09:30:00,1735655400,LNT,59.529998779296875,59.70000076293945,58.83000183105469,59.13999938964844,864700
2025-01-02 09:30:00,1735828200,LNT,59.310001373291016,59.72999954223633,58.45000076293945,58.5099983215332,1009000
2025-01-03 09:30:00,1735914600,LNT,58.709999084472656,58.720001220703125,58.22999954223633,58.34000015258789,1440700
2025-01-06 09:30:00,1736173800,LNT,58.02000045776367,58.22999954223633,57.130001068115234,57.310001373291016,2018700
2025-01-07 09:30:00,1736260200,LNT,57.18000030517578,57.939998626708984,57.060001373291016,57.36000061035156,1260800
2025-01-08 09:30:00,1736346600,LNT,57.279998779296875,58.25,56.869998931884766,58.20000076293945,1174100
2025-01-10 09:30:00,1736519400,LNT,57.83000183105469,57.93000030517578,56.63999938964844,56.65999984741211,1381000
2025-01-13 09:30:00,1736778600,LNT,56.779998779296875,57.16999816894531,56.29999923706055,56.97999954223633,1388200
2025-01-14 09:30:00,1736865000,LNT,56.83000183105469,57.86000061035156,56.810001373291016,57.790000915527344,1565100
2025-01-15 09:30:00,1736951400,LNT,58.29999923706055,58.869998931884766,58.13999938964844,58.470001220703125,1419000
2025-01-16 09:30:00,1737037800,LNT,58.61000061035156,60.11000061035156,58.29999923706055,60.06999969482422,1233800
2025-01-17 09:30:00,1737124200,LNT,60.220001220703125,60.72999954223633,59.959999084472656,60.54999923706055,1697700
2025-01-21 09:30:00,1737469800,LNT,61.2400016784668,61.93000030517578,60.77000045776367,61.0,1552600
2025-01-22 09:30:00,1737556200,LNT,60.65999984741211,60.84000015258789,59.04999923706055,59.09000015258789,1293600
2025-01-23 09:30:00,1737642600,LNT,59.02000045776367,59.209999084472656,58.54999923706055,58.689998626708984,1429700
2025-01-24 09:30:00,1737729000,LNT,58.630001068115234,59.08000183105469,58.45000076293945,58.77000045776367,1345000
2025-01-27 09:30:00,1737988200,LNT,59.380001068115234,60.029998779296875,58.310001373291016,60.0,2493800
2025-01-28 09:30:00,1738074600,LNT,59.86000061035156,59.91999816894531,58.619998931884766,58.869998931884766,1277700
2025-01-29 09:30:00,1738161000,LNT,58.810001373291016,59.36000061035156,58.560001373291016,58.59000015258789,971100
2025-01-30 09:30:00,1738247400,LNT,59.119998931884766,59.599998474121094,58.84000015258789,59.34000015258789,1047300
2025-01-31 09:30:00,1738333800,LNT,58.90999984741211,59.25,58.63999938964844,58.880001068115234,1742000
2025-02-03 09:30:00,1738593000,LNT,58.529998779296875,59.380001068115234,58.099998474121094,59.27000045776367,1862700
2025-02-04 09:30:00,1738679400,LNT,58.83000183105469,59.52000045776367,58.36000061035156,59.2400016784668,1073700
2025-02-05 09:30:00,1738765800,LNT,59.68000030517578,60.11000061035156,59.369998931884766,59.72999954223633,1359600
2025-02-06 09:30:00,1738852200,LNT,59.90999984741211,60.029998779296875,59.220001220703125,59.540000915527344,1115100
2025-02-07 09:30:00,1738938600,LNT,59.5,59.68000030517578,59.119998931884766,59.470001220703125,1107600
2025-02-10 09:30:00,1739197800,LNT,59.630001068115234,59.97999954223633,59.06999969482422,59.869998931884766,1098800
2025-02-11 09:30:00,1739284200,LNT,59.720001220703125,60.36000061035156,59.209999084472656,60.310001373291016,1523700
2025-02-12 09:30:00,1739370600,LNT,59.61000061035156,60.72999954223633,59.439998626708984,60.630001068115234,1733800
2025-02-13 09:30:00,1739457000,LNT,60.59000015258789,61.45000076293945,60.5,61.099998474121094,2070900
2025-02-14 09:30:00,1739543400,LNT,61.310001373291016,62.08000183105469,61.119998931884766,61.33000183105469,2146200
2025-02-18 09:30:00,1739889000,LNT,61.33000183105469,62.040000915527344,61.02000045776367,61.66999816894531,2466200
2025-02-19 09:30:00,1739975400,LNT,61.66999816894531,61.939998626708984,61.47999954223633,61.63999938964844,2000100
2025-02-20 09:30:00,1740061800,LNT,61.880001068115234,61.900001525878906,61.119998931884766,61.619998931884766,3247000
2025-02-21 09:30:00,1740148200,LNT,61.4900016784668,63.29999923706055,61.31999969482422,62.810001373291016,3902900
2025-02-24 09:30:00,1740407400,LNT,63.099998474121094,63.970001220703125,62.599998474121094,63.849998474121094,3475000
2025-02-25 09:30:00,1740493800,LNT,64.0,64.1500015258789,63.400001525878906,63.75,2856100
2025-02-26 09:30:00,1740580200,LNT,63.56999969482422,64.05000305175781,63.29999923706055,63.97999954223633,1941000
2025-02-27 09:30:00,1740666600,LNT,63.630001068115234,64.3499984741211,63.310001373291016,63.849998474121094,2104900
2025-02-28 09:30:00,1740753000,LNT,64.13999938964844,64.76000213623047,63.77000045776367,64.52999877929688,1921800
2025-03-03 09:30:00,1741012200,LNT,64.48999786376953,66.1500015258789,64.48999786376953,66.04000091552734,2296500
2025-03-04 09:30:00,1741098600,LNT,66.52999877929688,66.54000091552734,64.20999908447266,64.26000213623047,2405000
2025-03-05 09:30:00,1741185000,LNT,64.0,64.56999969482422,63.27000045776367,63.439998626708984,2091400
2025-03-06 09:30:00,1741271400,LNT,63.09000015258789,63.209999084472656,62.08000183105469,62.20000076293945,2851300
2025-03-07 09:30:00,1741357800,LNT,62.15999984741211,62.97999954223633,62.0,62.4900016784668,3130600
2025-03-10 09:30:00,1741613400,LNT,62.599998474121094,64.27999877929688,62.5099983215332,63.27000045776367,3181200
2025-03-11 09:30:00,1741699800,LNT,63.400001525878906,63.810001373291016,62.470001220703125,62.619998931884766,2224600
2025-03-12 09:30:00,1741786200,LNT,62.209999084472656,62.880001068115234,62.06999969482422,62.18000030517578,1416700
2025-03-13 09:30:00,1741872600,LNT,62.2400016784668,62.91999816894531,61.880001068115234,62.22999954223633,1948100
2025-03-14 09:30:00,1741959000,LNT,62.36000061035156,63.02000045776367,61.880001068115234,62.95000076293945,1888800
2025-03-17 09:30:00,1742218200,LNT,62.959999084472656,64.19999694824219,62.91999816894531,63.529998779296875,2907200
2025-03-18 09:30:00,1742304600,LNT,63.34000015258789,63.5,62.84000015258789,63.349998474121094,2028200
2025-03-19 09:30:00,1742391000,LNT,63.2400016784668,63.68000030517578,62.93000030517578,63.5099983215332,1502600
2025-03-20 09:30:00,1742477400,LNT,63.439998626708984,63.720001220703125,63.20000076293945,63.54999923706055,1780800
2025-03-21 09:30:00,1742563800,LNT,63.5,63.90999984741211,62.58000183105469,63.04999923706055,3630600
2025-03-24 09:30:00,1742823000,LNT,63.310001373291016,63.61000061035156,62.91999816894531,62.97999954223633,1393400
2025-03-25 09:30:00,1742909400,LNT,62.84000015258789,62.900001525878906,61.72999954223633,62.099998474121094,1881600
2025-03-26 09:30:00,1742995800,LNT,62.13999938964844,63.279998779296875,62.13999938964844,62.86000061035156,2151000
2025-03-27 09:30:00,1743082200,LNT,62.939998626708984,63.5099983215332,62.790000915527344,63.119998931884766,1318000
2025-03-28 09:30:00,1743168600,LNT,63.619998931884766,64.06999969482422,63.290000915527344,63.58000183105469,2369800
2025-03-31 09:30:00,1743427800,LNT,63.9900016784668,64.75,63.630001068115234,64.3499984741211,2144000
2025-04-01 09:30:00,1743514200,LNT,64.0199966430664,64.55999755859375,63.86000061035156,64.41999816894531,1420100
2025-04-02 09:30:00,1743600600,LNT,64.66000366210938,64.9000015258789,63.939998626708984,64.48999786376953,1253300
2025-04-03 09:30:00,1743687000,LNT,65.0999984741211,65.72000122070312,64.51000213623047,64.8499984741211,1924000
2025-04-04 09:30:00,1743773400,LNT,64.97000122070312,65.16999816894531,60.90999984741211,61.36000061035156,3087900
2025-04-07 09:30:00,1744032600,LNT,61.5099983215332,61.5099983215332,58.79999923706055,59.810001373291016,3748800
2025-04-08 09:30:00,1744119000,LNT,60.380001068115234,61.11000061035156,58.20000076293945,58.790000915527344,3188400
2025-04-09 09:30:00,1744205400,LNT,58.209999084472656,60.56999969482422,57.09000015258789,60.41999816894531,2672300
2025-04-10 09:30:00,1744291800,LNT,60.38999938964844,61.13999938964844,59.040000915527344,60.209999084472656,1859300
2025-04-11 09:30:00,1744378200,LNT,60.290000915527344,60.900001525878906,59.290000915527344,60.59000015258789,1527900
2025-04-14 09:30:00,1744637400,LNT,60.79999923706055,62.209999084472656,60.54999923706055,61.810001373291016,1867400
2025-04-15 09:30:00,1744723800,LNT,61.9900016784668,62.380001068115234,61.5099983215332,61.599998474121094,1651600
2025-04-16 09:30:00,1744810200,LNT,61.779998779296875,61.93000030517578,60.279998779296875,60.41999816894531,1945400
2025-04-17 09:30:00,1744896600,LNT,60.66999816894531,61.77000045776367,60.290000915527344,60.79999923706055,2462900
2025-04-21 09:30:00,1745242200,LNT,60.79999923706055,60.91999816894531,58.66999816894531,59.290000915527344,1822200
2025-04-22 09:30:00,1745328600,LNT,59.5,61.06999969482422,59.310001373291016,61.029998779296875,2164000
2025-04-23 09:30:00,1745415000,LNT,60.849998474121094,61.4900016784668,60.29999923706055,61.22999954223633,2636500
2025-04-24 09:30:00,1745501400,LNT,61.15999984741211,61.720001220703125,60.869998931884766,61.33000183105469,1513600
2025-04-25 09:30:00,1745587800,LNT,61.43000030517578,61.43000030517578,60.349998474121094,60.7400016784668,1328600
2025-04-28 09:30:00,1745847000,LNT,60.7400016784668,61.040000915527344,60.13999938964844,60.900001525878906,1749700
2025-04-29 09:30:00,1745933400,LNT,60.68000030517578,61.79999923706055,60.47999954223633,61.61000061035156,1320600
2025-04-30 09:30:00,1746019800,LNT,61.18000030517578,61.470001220703125,59.93000030517578,61.040000915527344,2296600
2025-05-01 09:30:00,1746106200,LNT,60.93000030517578,61.65999984741211,60.29999923706055,60.54999923706055,1562500
2025-05-02 09:30:00,1746192600,LNT,60.91999816894531,61.33000183105469,60.20000076293945,61.16999816894531,1319000
2025-05-05 09:30:00,1746451800,LNT,60.97999954223633,61.20000076293945,60.459999084472656,60.9900016784668,1441800
2025-05-06 09:30:00,1746538200,LNT,60.650001525878906,61.61000061035156,60.5099983215332,61.11000061035156,1974800
2025-05-07 09:30:00,1746624600,LNT,61.119998931884766,62.16999816894531,60.810001373291016,61.79999923706055,2148200
2025-05-08 09:30:00,1746711000,LNT,61.72999954223633,62.040000915527344,60.959999084472656,61.11000061035156,2670700
2025-05-09 09:30:00,1746797400,LNT,61.11000061035156,62.650001525878906,60.68000030517578,61.7599983215332,3255100
2025-05-12 09:30:00,1747056600,LNT,61.220001220703125,61.36000061035156,58.97999954223633,59.52000045776367,4755700
2025-05-13 09:30:00,1747143000,LNT,59.5,60.650001525878906,59.060001373291016,60.459999084472656,6083300
2025-05-14 09:30:00,1747229400,LNT,60.5,60.59000015258789,59.56999969482422,60.470001220703125,2641100
2025-05-15 09:30:00,1747315800,LNT,60.779998779296875,61.7400016784668,60.5099983215332,61.709999084472656,2766900
2025-05-16 09:30:00,1747402200,LNT,61.779998779296875,62.5099983215332,61.4900016784668,62.47999954223633,2876600
2025-05-19 09:30:00,1747661400,LNT,62.0,63.119998931884766,61.95000076293945,63.09000015258789,2345100
2025-05-20 09:30:00,1747747800,LNT,63.54999923706055,63.939998626708984,63.099998474121094,63.15999984741211,2548800
2025-05-21 09:30:00,1747834200,LNT,63.02000045776367,63.02000045776367,61.779998779296875,61.86000061035156,2332300
2025-05-22 09:30:00,1747920600,LNT,61.27000045776367,61.58000183105469,60.38999938964844,61.209999084472656,2477600
2025-05-23 09:30:00,1748007000,LNT,61.61000061035156,61.790000915527344,60.709999084472656,61.720001220703125,1161400
2025-05-27 09:30:00,1748352600,LNT,62.16999816894531,62.47999954223633,61.86000061035156,62.25,1649000
2025-05-28 09:30:00,1748439000,LNT,62.279998779296875,62.380001068115234,61.11000061035156,61.36000061035156,1372700
2025-05-29 09:30:00,1748525400,LNT,61.31999969482422,61.88999938964844,61.04999923706055,61.849998474121094,928300
2025-05-30 09:30:00,1748611800,LNT,61.90999984741211,62.439998626708984,61.84000015258789,62.22999954223633,2276500
2025-06-02 09:30:00,1748871000,LNT,61.900001525878906,62.130001068115234,61.5,62.06999969482422,1720500
2025-06-03 09:30:00,1748957400,LNT,62.2400016784668,62.459999084472656,61.31999969482422,61.939998626708984,2024800
2025-06-04 09:30:00,1749043800,LNT,61.83000183105469,61.83000183105469,60.63999938964844,60.68000030517578,2544000
2025-06-05 09:30:00,1749130200,LNT,60.68000030517578,60.689998626708984,60.15999984741211,60.31999969482422,1793500
2025-06-06 09:30:00,1749216600,LNT,60.36000061035156,60.599998474121094,59.970001220703125,60.47999954223633,1340900
2025-06-09 09:30:00,1749475800,LNT,60.34000015258789,60.90999984741211,60.02000045776367,60.47999954223633,1785800
2025-06-10 09:30:00,1749562200,LNT,60.619998931884766,60.869998931884766,60.34000015258789,60.86000061035156,1489200
2025-06-11 09:30:00,1749648600,LNT,61.08000183105469,61.22999954223633,60.599998474121094,61.130001068115234,1627100
2025-06-12 09:30:00,1749735000,LNT,61.150001525878906,61.56999969482422,61.08000183105469,61.529998779296875,1317900
2025-06-13 09:30:00,1749821400,LNT,61.529998779296875,61.58000183105469,60.88999938964844,61.08000183105469,1694200
2025-06-16 09:30:00,1750080600,LNT,61.20000076293945,61.630001068115234,60.15999984741211,60.459999084472656,1835300
2025-06-17 09:30:00,1750167000,LNT,60.33000183105469,60.40999984741211,59.619998931884766,60.09000015258789,1812200
2025-06-18 09:30:00,1750253400,LNT,60.189998626708984,60.400001525878906,59.869998931884766,60.0099983215332,1178300
2025-06-20 09:30:00,1750426200,LNT,60.18000030517578,60.90999984741211,59.90999984741211,60.540000915527344,2577700
2025-06-23 09:30:00,1750685400,LNT,60.880001068115234,61.470001220703125,60.7599983215332,61.34000015258789,1596900
2025-06-24 09:30:00,1750771800,LNT,61.59000015258789,61.59000015258789,61.099998474121094,61.15999984741211,1435800
2025-06-25 09:30:00,1750858200,LNT,60.90999984741211,60.959999084472656,59.900001525878906,60.09000015258789,1489100
2025-06-26 09:30:00,1750944600,LNT,60.33000183105469,60.529998779296875,59.970001220703125,60.31999969482422,1297400
2025-06-27 09:30:00,1751031000,LNT,60.31999969482422,60.720001220703125,60.130001068115234,60.349998474121094,2405900
2025-06-30 09:30:00,1751290200,LNT,60.060001373291016,60.540000915527344,59.81999969482422,60.470001220703125,2615700
2025-07-01 09:30:00,1751376600,LNT,60.5099983215332,61.779998779296875,59.97999954223633,61.36000061035156,3117900
2025-07-02 09:30:00,1751463000,LNT,61.41999816894531,61.45000076293945,60.310001373291016,60.7599983215332,1607600
2025-07-03 09:30:00,1751549400,LNT,60.90999984741211,61.91999816894531,60.720001220703125,61.529998779296875,1893400
2025-07-07 09:30:00,1751895000,LNT,61.970001220703125,62.20000076293945,61.439998626708984,61.95000076293945,2394000
2025-07-08 09:30:00,1751981400,LNT,61.529998779296875,61.709999084472656,60.84000015258789,61.2599983215332,2570000
2025-07-09 09:30:00,1752067800,LNT,61.459999084472656,61.88999938964844,60.90999984741211,61.720001220703125,1788100
2025-07-10 09:30:00,1752154200,LNT,61.2400016784668,62.91999816894531,61.2400016784668,62.599998474121094,1799500
2025-07-11 09:30:00,1752240600,LNT,62.15999984741211,62.5,61.79999923706055,62.08000183105469,1233000
2025-07-14 09:30:00,1752499800,LNT,61.970001220703125,62.63999938964844,61.95000076293945,62.59000015258789,1637700
2025-07-15 09:30:00,1752586200,LNT,62.349998474121094,62.59000015258789,61.61000061035156,61.849998474121094,1458500
2025-07-16 09:30:00,1752672600,LNT,61.939998626708984,62.939998626708984,61.79999923706055,62.869998931884766,1918100
2025-07-17 09:30:00,1752759000,LNT,62.720001220703125,63.29999923706055,62.310001373291016,63.220001220703125,1569200
2025-07-18 09:30:00,1752845400,LNT,63.619998931884766,64.55999755859375,63.599998474121094,64.12999725341797,2687400
2025-07-21 09:30:00,1753104600,LNT,64.12999725341797,64.7300033569336,63.9900016784668,64.55999755859375,1740800
2025-07-22 09:30:00,1753191000,LNT,64.7699966430664,65.77999877929688,64.61000061035156,65.73999786376953,2482800
2025-07-23 09:30:00,1753277400,LNT,65.73999786376953,66.05000305175781,64.41000366210938,64.8499984741211,2407400
2025-07-24 09:30:00,1753363800,LNT,64.93000030517578,65.41000366210938,64.62000274658203,65.20999908447266,1304000
2025-07-25 09:30:00,1753450200,LNT,65.25,65.37000274658203,64.68000030517578,64.94000244140625,1417900
2025-07-28 09:30:00,1753709400,LNT,64.83000183105469,64.83000183105469,63.79999923706055,63.83000183105469,1133600
2025-07-29 09:30:00,1753795800,LNT,64.18000030517578,64.61000061035156,63.7599983215332,64.5,1406500
2025-07-30 09:30:00,1753882200,LNT,64.56999969482422,65.75,64.5,65.0,1941200
2025-07-31 09:30:00,1753968600,LNT,64.13999938964844,65.16999816894531,64.05999755859375,65.01000213623047,2357800
2025-08-01 09:30:00,1754055000,LNT,65.33000183105469,65.68000030517578,64.79000091552734,65.47000122070312,1626900
2025-08-04 09:30:00,1754314200,LNT,65.52999877929688,66.62000274658203,65.43000030517578,66.33999633789062,2338200
2025-08-05 09:30:00,1754400600,LNT,66.33999633789062,66.55000305175781,65.86000061035156,66.06999969482422,1897800
2025-08-06 09:30:00,1754487000,LNT,66.12000274658203,66.36000061035156,65.63999938964844,65.7699966430664,1541700
2025-08-07 09:30:00,1754573400,LNT,66.1500015258789,66.36000061035156,65.75,66.12000274658203,2278400
2025-08-08 09:30:00,1754659800,LNT,66.69999694824219,66.76000213623047,65.51000213623047,65.63999938964844,1923900
2025-08-11 09:30:00,1754919000,LNT,66.08999633789062,66.08999633789062,65.01000213623047,65.31999969482422,1599500
2025-08-12 09:30:00,1755005400,LNT,65.61000061035156,65.61000061035156,64.16000366210938,64.80000305175781,2316200
2025-08-13 09:30:00,1755091800,LNT,64.86000061035156,65.4000015258789,64.61000061035156,65.37000274658203,1217900
2025-08-14 09:30:00,1755178200,LNT,65.44999694824219,65.94000244140625,64.66000366210938,64.72000122070312,2288700
2025-08-15 09:30:00,1755264600,LNT,64.76000213623047,64.86000061035156,64.0,64.62000274658203,3185500
2025-08-18 09:30:00,1755523800,LNT,64.86000061035156,65.19999694824219,64.4000015258789,64.43000030517578,3168100
2025-08-19 09:30:00,1755610200,LNT,64.55999755859375,66.05000305175781,64.44999694824219,66.0199966430664,2239100
2025-08-20 09:30:00,1755696600,LNT,66.33999633789062,67.0199966430664,66.04000091552734,66.33000183105469,2294800
2025-08-21 09:30:00,1755783000,LNT,66.11000061035156,66.55999755859375,65.8499984741211,66.11000061035156,1922000
2025-08-22 09:30:00,1755869400,LNT,66.56999969482422,67.11000061035156,66.4000015258789,66.97000122070312,2248200
2025-08-25 09:30:00,1756128600,LNT,66.66999816894531,66.98999786376953,66.0,66.18000030517578,1486900
2025-08-26 09:30:00,1756215000,LNT,66.0999984741211,66.22000122070312,65.58000183105469,65.70999908447266,1836500
2025-08-27 09:30:00,1756301400,LNT,65.75,65.9800033569336,65.48999786376953,65.80000305175781,1634300
2025-08-28 09:30:00,1756387800,LNT,65.83000183105469,65.83000183105469,64.87000274658203,65.0199966430664,1626500
2025-08-29 09:30:00,1756474200,LNT,65.0999984741211,65.45999908447266,64.75,65.06999969482422,1669600
2025-09-02 09:30:00,1756819800,LNT,64.66000366210938,65.0199966430664,64.37999725341797,64.66000366210938,1701400
2025-09-03 09:30:00,1756906200,LNT,64.44000244140625,64.83000183105469,64.16999816894531,64.5199966430664,1600800
2025-09-04 09:30:00,1756992600,LNT,64.8499984741211,65.13999938964844,64.30999755859375,64.72000122070312,2086400
2025-09-05 09:30:00,1757079000,LNT,64.91999816894531,64.98999786376953,64.20999908447266,64.62000274658203,1609200
2025-09-08 09:30:00,1757338200,LNT,64.68000030517578,64.72000122070312,63.70000076293945,64.05000305175781,1911800
2025-09-09 09:30:00,1757424600,LNT,63.779998779296875,64.23999786376953,63.619998931884766,64.01000213623047,1656300
2025-09-10 09:30:00,1757511000,LNT,64.01000213623047,64.3499984741211,63.7400016784668,63.9900016784668,1612700
2025-09-11 09:30:00,1757597400,LNT,63.959999084472656,64.77999877929688,63.75,64.66000366210938,1588800
2025-09-12 09:30:00,1757683800,LNT,64.44000244140625,65.04000091552734,64.44000244140625,64.86000061035156,1127300
2025-09-15 09:30:00,1757943000,LNT,64.86000061035156,65.04000091552734,64.69000244140625,64.7300033569336,862100
2025-09-16 09:30:00,1758029400,LNT,64.54000091552734,64.66999816894531,63.540000915527344,63.619998931884766,1632500
2025-09-17 09:30:00,1758115800,LNT,63.9900016784668,64.43000030517578,63.779998779296875,63.86000061035156,1944700
2025-09-18 09:30:00,1758202200,LNT,63.66999816894531,64.1500015258789,63.279998779296875,63.779998779296875,1143400
2025-09-19 09:30:00,1758288600,LNT,63.959999084472656,64.4800033569336,63.5,64.16999816894531,2539600
2025-09-22 09:30:00,1758547800,LNT,64.16000366210938,64.37000274658203,63.70000076293945,64.22000122070312,1340400
2025-09-23 09:30:00,1758634200,LNT,64.08000183105469,64.88999938964844,63.97999954223633,64.83999633789062,1510300
2025-09-24 09:30:00,1758720600,LNT,64.98999786376953,65.54000091552734,64.7300033569336,65.47000122070312,2023700
2025-09-25 09:30:00,1758807000,LNT,65.47000122070312,65.94000244140625,65.06999969482422,65.19999694824219,2234000
2025-09-26 09:30:00,1758893400,LNT,65.48999786376953,66.25,65.48999786376953,66.06999969482422,1760000
2025-09-29 09:30:00,1759152600,LNT,66.16000366210938,66.91000366210938,65.81999969482422,66.77999877929688,1997300
2025-09-30 09:30:00,1759239000,LNT,66.5999984741211,67.54000091552734,66.44999694824219,67.41000366210938,1663600
2025-10-01 09:30:00,1759325400,LNT,67.37000274658203,67.55000305175781,66.94999694824219,67.11000061035156,1248900
2025-10-02 09:30:00,1759411800,LNT,66.6500015258789,66.87999725341797,66.13999938964844,66.30999755859375,2247400
2025-10-03 09:30:00,1759498200,LNT,66.30000305175781,67.1500015258789,66.2300033569336,66.80000305175781,1782100
2025-10-06 09:30:00,1759757400,LNT,66.80999755859375,68.19000244140625,66.7699966430664,68.12000274658203,2723900
2025-10-07 09:30:00,1759843800,LNT,68.16999816894531,68.5,67.68000030517578,68.06999969482422,1898100
2025-10-08 09:30:00,1759930200,LNT,68.5199966430664,68.5199966430664,67.30999755859375,67.87000274658203,1530100
2025-10-09 09:30:00,1760016600,LNT,68.04000091552734,68.04000091552734,67.16000366210938,67.23999786376953,1481100
2025-10-10 09:30:00,1760103000,LNT,67.55000305175781,68.31999969482422,67.38999938964844,67.75,1907200
2025-10-13 09:30:00,1760362200,LNT,67.63999938964844,68.23999786376953,67.31999969482422,67.66000366210938,1449300
2025-10-14 09:30:00,1760448600,LNT,68.04000091552734,68.61000061035156,67.77999877929688,68.33000183105469,1816700
2025-10-15 09:30:00,1760535000,LNT,68.41000366210938,68.80000305175781,68.30000305175781,68.62999725341797,1707000
2025-10-16 09:30:00,1760621400,LNT,68.45999908447266,69.16000366210938,67.45999908447266,67.5999984741211,2323100
2025-10-17 09:30:00,1760707800,LNT,68.05000305175781,68.2699966430664,67.7300033569336,68.06999969482422,2052600
2025-10-20 09:30:00,1760967000,LNT,68.44999694824219,68.66999816894531,68.05999755859375,68.58999633789062,1563300
2025-10-21 09:30:00,1761053400,LNT,68.58999633789062,68.94999694824219,67.79000091552734,68.22000122070312,1766400
2025-10-22 09:30:00,1761139800,LNT,68.54000091552734,68.7699966430664,68.0999984741211,68.55999755859375,2017000
2025-10-23 09:30:00,1761226200,LNT,68.87999725341797,69.02999877929688,68.02999877929688,68.5999984741211,3381700
2025-10-24 09:30:00,1761312600,LNT,69.33999633789062,69.75,68.91000366210938,68.97000122070312,3364400
2025-10-27 09:30:00,1761571800,LNT,68.91999816894531,69.29000091552734,68.04000091552734,68.86000061035156,1673500
2025-10-28 09:30:00,1761658200,LNT,68.70999908447266,68.83999633789062,67.73999786376953,67.9800033569336,2342500
2025-10-29 09:30:00,1761744600,LNT,67.91000366210938,68.23999786376953,67.52999877929688,67.79000091552734,2768800
2025-10-30 09:30:00,1761831000,LNT,67.81999969482422,68.48999786376953,67.76000213623047,67.93000030517578,2191400
2025-10-31 09:30:00,1761917400,LNT,67.3499984741211,67.3499984741211,66.66000366210938,66.81999969482422,2113800
2025-11-03 09:30:00,1762180200,LNT,66.37000274658203,66.68000030517578,65.93000030517578,66.47000122070312,2968100
2025-11-04 09:30:00,1762266600,LNT,66.7699966430664,66.79000091552734,66.19999694824219,66.58999633789062,3326300
2025-11-05 09:30:00,1762353000,LNT,66.51000213623047,67.18000030517578,66.4000015258789,66.8499984741211,2610800
2025-11-06 09:30:00,1762439400,LNT,66.76000213623047,67.47000122070312,66.69999694824219,66.73999786376953,2143200
2025-11-07 09:30:00,1762525800,LNT,66.77999877929688,68.23999786376953,65.77999877929688,67.33999633789062,5146400
2025-11-10 09:30:00,1762785000,LNT,67.19000244140625,67.44999694824219,66.63999938964844,66.95999908447266,1879100
2025-11-11 09:30:00,1762871400,LNT,67.33999633789062,68.0999984741211,67.11000061035156,68.0199966430664,2515400
2025-11-12 09:30:00,1762957800,LNT,67.95999908447266,68.44999694824219,67.7699966430664,68.13999938964844,1895800
2025-11-13 09:30:00,1763044200,LNT,68.02999877929688,68.26000213623047,67.30000305175781,67.41999816894531,1771800
2025-11-14 09:30:00,1763130600,LNT,67.51000213623047,67.73999786376953,67.0999984741211,67.33000183105469,1451600
2025-11-17 09:30:00,1763389800,LNT,67.5199966430664,68.30000305175781,67.45999908447266,68.0999984741211,1619700
2025-11-18 09:30:00,1763476200,LNT,68.43000030517578,68.79000091552734,67.83999633789062,68.08999633789062,1999300
2025-11-19 09:30:00,1763562600,LNT,68.0199966430664,68.08999633789062,67.0999984741211,67.22000122070312,1783800
2025-11-20 09:30:00,1763649000,LNT,67.54000091552734,67.97000122070312,67.33000183105469,67.47000122070312,2624900
2025-11-21 09:30:00,1763735400,LNT,67.62000274658203,68.47000122070312,67.41000366210938,68.2699966430664,2225400
2025-11-24 09:30:00,1763994600,LNT,68.2699966430664,68.55000305175781,67.63999938964844,68.41000366210938,2005000
2025-11-25 09:30:00,1764081000,LNT,68.5199966430664,68.8499984741211,67.87000274658203,68.4800033569336,1561600
2025-11-26 09:30:00,1764167400,LNT,68.68000030517578,69.30999755859375,68.5999984741211,69.18000030517578,1578700
2025-11-28 09:30:00,1764340200,LNT,69.44999694824219,69.58999633789062,69.16000366210938,69.47000122070312,950900
2025-12-01 09:30:00,1764599400,LNT,69.22000122070312,69.41999816894531,67.52999877929688,67.5999984741211,2177800
2025-12-02 09:30:00,1764685800,LNT,67.70999908447266,67.70999908447266,66.5199966430664,66.52999877929688,1868400
2025-12-03 09:30:00,1764772200,LNT,66.58999633789062,66.69000244140625,65.8499984741211,66.37999725341797,2336900
2025-12-04 09:30:00,1764858600,LNT,66.12000274658203,66.58000183105469,65.4800033569336,65.70999908447266,2795400
2025-12-05 09:30:00,1764945000,LNT,65.72000122070312,65.88999938964844,65.25,65.5,1306700
2025-12-08 09:30:00,1765204200,LNT,65.5,65.66999816894531,64.69999694824219,64.77999877929688,1920900
2025-12-09 09:30:00,1765290600,LNT,64.97000122070312,65.44999694824219,64.72000122070312,64.88999938964844,1296500
2025-12-10 09:30:00,1765377000,LNT,65.0,65.55000305175781,64.58999633789062,64.80999755859375,3338600
2025-12-11 09:30:00,1765463400,LNT,65.01000213623047,65.66000366210938,64.80000305175781,64.93000030517578,1388900
2025-12-12 09:30:00,1765549800,LNT,65.30000305175781,65.58999633789062,65.08999633789062,65.33000183105469,1530000
2025-12-15 09:30:00,1765809000,LNT,65.5999984741211,65.79000091552734,65.13999938964844,65.62999725341797,1744200
2025-12-16 09:30:00,1765895400,LNT,65.83999633789062,65.88999938964844,65.01000213623047,65.26000213623047,1456700
2025-12-17 09:30:00,1765981800,LNT,65.12000274658203,65.66999816894531,64.87000274658203,65.4800033569336,2198400
2025-12-18 09:30:00,1766068200,LNT,65.5999984741211,66.04000091552734,65.56999969482422,65.69000244140625,1611100
2025-12-19 09:30:00,1766154600,LNT,65.41999816894531,65.69999694824219,64.52999877929688,64.62999725341797,3877900
2025-12-22 09:30:00,1766413800,LNT,64.4800033569336,65.1500015258789,64.30000305175781,65.02999877929688,2132200
2025-12-23 09:30:00,1766500200,LNT,65.04000091552734,65.33000183105469,64.80000305175781,65.26000213623047,1525600
2025-12-24 09:30:00,1766586600,LNT,65.1500015258789,65.4800033569336,64.9800033569336,65.44999694824219,718700
2025-12-26 09:30:00,1766759400,LNT,65.36000061035156,65.37999725341797,64.97000122070312,65.23999786376953,1004300
2025-12-29 09:30:00,1767018600,LNT,65.41000366210938,65.7300033569336,65.2300033569336,65.41999816894531,1080500
2025-12-30 09:30:00,1767105000,LNT,65.41999816894531,65.66000366210938,65.2699966430664,65.41999816894531,854500
2025-12-31 09:30:00,1767191400,LNT,65.5199966430664,65.62000274658203,65.0,65.01000213623047,1132900
2026-01-02 09:30:00,1767364200,LNT,65.01000213623047,66.02999877929688,64.63999938964844,65.58999633789062,1354400
2026-01-05 09:30:00,1767623400,LNT,65.25,65.47000122070312,63.869998931884766,64.9000015258789,2571200
2026-01-06 09:30:00,1767709800,LNT,64.9000015258789,65.47000122070312,64.75,65.37999725341797,1595200
2026-01-07 09:30:00,1767796200,LNT,65.5,65.58000183105469,64.33999633789062,64.5999984741211,2596700
2026-01-08 09:30:00,1767882600,LNT,64.62999725341797,65.55999755859375,64.5999984741211,65.55000305175781,2534000
2026-01-09 09:30:00,1767969000,LNT,65.37000274658203,66.08999633789062,65.0,65.0199966430664,2049800
2026-01-12 09:30:00,1768228200,LNT,65.0199966430664,65.44999694824219,64.80000305175781,65.16999816894531,1783900
2026-01-13 09:30:00,1768314600,LNT,65.80999755859375,66.33000183105469,65.23999786376953,66.16999816894531,2570500
2026-01-14 09:30:00,1768401000,LNT,66.16999816894531,67.0199966430664,66.16999816894531,66.86000061035156,1962300
2026-01-15 09:30:00,1768487400,LNT,67.05000305175781,67.33000183105469,66.62999725341797,67.05999755859375,2146800
2026-01-16 09:30:00,1768573800,LNT,66.7699966430664,67.62999725341797,66.54000091552734,67.33999633789062,2083800
2026-01-20 09:30:00,1768919400,LNT,67.54000091552734,67.54000091552734,66.66999816894531,67.27999877929688,1902400
2026-01-21 09:30:00,1769005800,LNT,67.73999786376953,67.80000305175781,66.83999633789062,67.44000244140625,2837800
2026-01-22 09:30:00,1769092200,LNT,67.41000366210938,67.66000366210938,66.54000091552734,66.87000274658203,1869700
2026-01-23 09:30:00,1769178600,LNT,66.75,66.86000061035156,65.87000274658203,66.83000183105469,2395400
2026-01-26 09:30:00,1769437800,LNT,66.8499984741211,67.56999969482422,66.69000244140625,67.01000213623047,1842200
2026-01-27 09:30:00,1769524200,LNT,66.87000274658203,67.58999633789062,66.80000305175781,67.19000244140625,1859700
2026-01-28 09:30:00,1769610600,LNT,67.19000244140625,67.5,66.18000030517578,66.26000213623047,3204300
2026-01-29 09:30:00,1769697000,LNT,66.26000213623047,66.94000244140625,65.7300033569336,66.33000183105469,4587000
2026-01-30 09:30:00,1769783400,LNT,65.68000030517578,65.94999694824219,65.19999694824219,65.91000366210938,2678400
2026-02-02 09:30:00,1770042600,LNT,65.91000366210938,66.2300033569336,64.93000030517578,65.11000061035156,2975700
2026-02-03 09:30:00,1770129000,LNT,65.12000274658203,66.56999969482422,65.12000274658203,66.52999877929688,3097700
2026-02-04 09:30:00,1770215400,LNT,66.91999816894531,67.31999969482422,66.58000183105469,66.75,3706500
2026-02-05 09:30:00,1770301800,LNT,67.19999694824219,67.55999755859375,66.55000305175781,66.83000183105469,3232800
2026-02-06 09:30:00,1770388200,LNT,67.52999877929688,67.52999877929688,66.08000183105469,66.69000244140625,4807300
2026-02-09 09:30:00,1770647400,LNT,66.52999877929688,66.9800033569336,66.1500015258789,66.9000015258789,1707400
2026-02-10 09:30:00,1770733800,LNT,67.1500015258789,68.61000061035156,66.88999938964844,68.01000213623047,2497600
2026-02-11 09:30:00,1770820200,LNT,68.02999877929688,68.4800033569336,67.68000030517578,68.2300033569336,1642800
2026-02-12 09:30:00,1770906600,LNT,68.69000244140625,70.26000213623047,68.63999938964844,69.68000030517578,3093300
2026-02-13 09:30:00,1770993000,LNT,69.66000366210938,71.37999725341797,69.66000366210938,71.19000244140625,2761800
2026-02-17 09:30:00,1771338600,LNT,71.83000183105469,72.26000213623047,70.97000122070312,71.0999984741211,2725600
2026-02-18 09:30:00,1771425000,LNT,71.0999984741211,71.31999969482422,69.5,69.52999877929688,2799400
2026-02-19 09:30:00,1771511400,LNT,69.79000091552734,70.55000305175781,69.75,70.01000213623047,3342400
2026-02-20 09:30:00,1771597800,LNT,71.41999816894531,71.63999938964844,70.0,71.01000213623047,4015100
2026-02-23 09:30:00,1771857000,LNT,71.37999725341797,72.19999694824219,71.2300033569336,71.91000366210938,3943200
2026-02-24 09:30:00,1771943400,LNT,71.94999694824219,72.0999984741211,70.66999816894531,71.62999725341797,2911200
2026-02-25 09:30:00,1772029800,LNT,71.8499984741211,72.23999786376953,70.37000274658203,71.26000213623047,3107100
2026-02-26 09:30:00,1772116200,LNT,71.55000305175781,71.87999725341797,71.0,71.44999694824219,7931100
2026-02-27 09:30:00,1772202600,LNT,71.66000366210938,72.4000015258789,71.43000030517578,72.33999633789062,5649800
2026-03-02 09:30:00,1772461800,LNT,72.0999984741211,72.62999725341797,71.87000274658203,72.33000183105469,2980100
2026-03-03 09:30:00,1772548200,LNT,71.51000213623047,72.6500015258789,70.80000305175781,72.2300033569336,2795900
2026-03-04 09:30:00,1772634600,LNT,72.02999877929688,72.43000030517578,71.37000274658203,72.30000305175781,1858100
2026-03-05 09:30:00,1772721000,LNT,71.76000213623047,72.19000244140625,70.91999816894531,71.33999633789062,2672100
2026-03-06 09:30:00,1772807400,LNT,71.05000305175781,71.7699966430664,70.80000305175781,71.55000305175781,2213200
2026-03-09 09:30:00,1773063000,LNT,71.55000305175781,71.75,70.66999816894531,71.61000061035156,2144200
2026-03-10 09:30:00,1773149400,LNT,71.2300033569336,71.87000274658203,70.9000015258789,71.04000091552734,2150100
2026-03-11 09:30:00,1773235800,LNT,71.19000244140625,71.62000274658203,70.62000274658203,70.80999755859375,2271200
2026-03-12 09:30:00,1773322200,LNT,70.58999633789062,72.37000274658203,70.58999633789062,71.56999969482422,2503800
2026-03-13 09:30:00,1773408600,LNT,72.30999755859375,72.95999908447266,72.13999938964844,72.79000091552734,1680200
2026-03-16 09:30:00,1773667800,LNT,73.41000366210938,73.41000366210938,72.70999908447266,73.02999877929688,1704500
2026-03-17 09:30:00,1773754200,LNT,73.33999633789062,73.36000061035156,72.47000122070312,72.62999725341797,1368500
2026-03-18 09:30:00,1773840600,LNT,72.2699966430664,72.3499984741211,71.72000122070312,71.76000213623047,1802700
2026-03-19 09:30:00,1773927000,LNT,71.77999877929688,72.2300033569336,70.5999984741211,71.31999969482422,1962400
2026-03-20 09:30:00,1774013400,LNT,71.04000091552734,71.55999755859375,68.11000061035156,68.70999908447266,4456700
2026-03-23 09:30:00,1774272600,LNT,69.9000015258789,69.9000015258789,68.70999908447266,69.16999816894531,3150500
2026-03-24 09:30:00,1774359000,LNT,68.93000030517578,70.44999694824219,68.86000061035156,69.66000366210938,1680800
2026-03-25 09:30:00,1774445400,LNT,70.0,70.37999725341797,69.48999786376953,69.7699966430664,1333900
2026-03-26 09:30:00,1774531800,LNT,69.7699966430664,70.4800033569336,69.62999725341797,70.26000213623047,1342300
2026-03-27 09:30:00,1774618200,LNT,70.33999633789062,71.25,70.05000305175781,70.5199966430664,2057300
2026-03-30 09:30:00,1774877400,LNT,71.51000213623047,71.80999755859375,71.0999984741211,71.48999786376953,1781400
2026-03-31 09:30:00,1774963800,LNT,71.55000305175781,71.83999633789062,70.55999755859375,71.76000213623047,2376500
2026-04-01 09:30:00,1775050200,LNT,71.36000061035156,72.3499984741211,71.31999969482422,71.94000244140625,1823000
2026-04-02 09:30:00,1775136600,LNT,72.13999938964844,72.98999786376953,71.88999938964844,72.8499984741211,1668400
2026-04-06 09:30:00,1775482200,LNT,72.5,72.98999786376953,72.33999633789062,72.44999694824219,1345700
2026-04-07 09:30:00,1775568600,LNT,72.0999984741211,73.13999938964844,72.0999984741211,72.6500015258789,1537900
2026-04-08 09:30:00,1775655000,LNT,72.26000213623047,73.0,71.55999755859375,72.98999786376953,1537400
2026-04-09 09:30:00,1775741400,LNT,72.98999786376953,74.4000015258789,72.93000030517578,73.72000122070312,1730800
2026-04-10 09:30:00,1775827800,LNT,73.4000015258789,73.77999877929688,72.87000274658203,73.0999984741211,2036100
2026-04-13 09:30:00,1776087000,LNT,73.13999938964844,73.3499984741211,71.9800033569336,72.51000213623047,1822700
2026-04-14 09:30:00,1776173400,LNT,72.51000213623047,72.5199966430664,71.6500015258789,72.30000305175781,1501200
2026-04-15 09:30:00,1776259800,LNT,71.98999786376953,72.37999725341797,71.37000274658203,72.18000030517578,2083000
2026-04-16 09:30:00,1776346200,LNT,71.93000030517578,72.83000183105469,71.88999938964844,72.7699966430664,2130200
2026-04-17 09:30:00,1776432600,LNT,72.47000122070312,72.91999816894531,71.7300033569336,72.83000183105469,1784600
2026-04-20 09:30:00,1776691800,LNT,72.69999694824219,73.31999969482422,72.2699966430664,72.4000015258789,1722400
2026-04-21 09:30:00,1776778200,LNT,72.55000305175781,73.2699966430664,71.0999984741211,71.13999938964844,1904900
2026-04-22 09:30:00,1776864600,LNT,71.5999984741211,72.0199966430664,70.61000061035156,70.95999908447266,1852200
2026-04-23 09:30:00,1776951000,LNT,71.55000305175781,72.86000061035156,71.44999694824219,72.62999725341797,2097000
2026-04-24 09:30:00,1777037400,LNT,72.37000274658203,72.79000091552734,71.9800033569336,72.30999755859375,2065400
2026-04-27 09:30:00,1777296600,LNT,72.30999755859375,72.87000274658203,72.19999694824219,72.41999816894531,1412500
2026-04-28 09:30:00,1777383000,LNT,72.66999816894531,73.19999694824219,72.2699966430664,72.45999908447266,1726300
2026-04-29 09:30:00,1777469400,LNT,72.45999908447266,72.58999633789062,71.69000244140625,72.0,1775700
2026-04-30 09:30:00,1777555800,LNT,71.5199966430664,73.70999908447266,71.5199966430664,73.43000030517578,3934800
2026-05-01 09:30:00,1777642200,LNT,73.43000030517578,75.76000213623047,72.58999633789062,74.05999755859375,4344300
2026-05-04 09:30:00,1777901400,LNT,73.41000366210938,74.16000366210938,72.69000244140625,73.68000030517578,3435000
2026-05-05 09:30:00,1777987800,LNT,73.56999969482422,73.91000366210938,72.80999755859375,73.06999969482422,3416800
2026-05-06 09:30:00,1778074200,LNT,73.06999969482422,73.5199966430664,72.11000061035156,72.30999755859375,2933000
2026-05-07 09:30:00,1778160600,LNT,72.04000091552734,72.26000213623047,71.4800033569336,71.69000244140625,2914700
2026-05-08 09:30:00,1778247000,LNT,71.9800033569336,72.2699966430664,71.45999908447266,71.76000213623047,2582600
2026-05-11 09:30:00,1778506200,LNT,72.13999938964844,72.76000213623047,72.05999755859375,72.47000122070312,1671700
2026-05-12 09:30:00,1778592600,LNT,72.5,72.94000244140625,71.72000122070312,72.58999633789062,3458900
2026-05-13 09:30:00,1778679000,LNT,72.05999755859375,72.7300033569336,71.69000244140625,72.30000305175781,2590400
2026-05-14 09:30:00,1778765400,LNT,72.5199966430664,72.8499984741211,72.08999633789062,72.44999694824219,1558000
2026-05-15 09:30:00,1778851800,LNT,72.44999694824219,72.44999694824219,70.88999938964844,70.9000015258789,2627000
2026-05-18 09:30:00,1779111000,LNT,71.4800033569336,72.1500015258789,71.19999694824219,72.08999633789062,2114200
2026-05-19 09:30:00,1779197400,LNT,72.0,73.12999725341797,71.70999908447266,73.0,2832300
2026-05-20 09:30:00,1779283800,LNT,73.2300033569336,73.56999969482422,72.43000030517578,72.5,2729400
2026-05-21 09:30:00,1779370200,LNT,72.33999633789062,73.56999969482422,72.30999755859375,73.27999877929688,2988900
2026-05-22 09:30:00,1779456600,LNT,73.27999877929688,74.06999969482422,73.05000305175781,73.94999694824219,1950600
2026-05-26 09:30:00,1779802200,LNT,74.2300033569336,74.66999816894531,73.44000244140625,73.68000030517578,1439900
2026-05-27 09:30:00,1779888600,LNT,73.51000213623047,74.0,73.11000061035156,73.75,2127400
2026-05-28 09:30:00,1779975000,LNT,73.75,73.86000061035156,71.91000366210938,72.16999816894531,2260100
2026-05-29 09:30:00,1780061400,LNT,72.16999816894531,72.27999877929688,71.38999938964844,71.61000061035156,3001700
2026-06-01 09:30:00,1780320600,LNT,70.9000015258789,71.08000183105469,69.55999755859375,69.56999969482422,2198200
2026-06-02 09:30:00,1780407000,LNT,69.9000015258789,71.37000274658203,69.76000213623047,70.95999908447266,2432100
2026-06-03 09:30:00,1780493400,LNT,71.06999969482422,72.19999694824219,70.76000213623047,70.79000091552734,3063300
2026-06-04 09:30:00,1780579800,LNT,71.5,71.66999816894531,70.29000091552734,71.38999938964844,1720900
2026-06-05 09:30:00,1780666200,LNT,71.55999755859375,73.23999786376953,71.55000305175781,72.87000274658203,2776100
2026-06-08 09:30:00,1780925400,LNT,72.62999725341797,73.13999938964844,71.62000274658203,71.70999908447266,2889300
2026-06-09 09:30:00,1781011800,LNT,71.69000244140625,72.80999755859375,71.36000061035156,72.37000274658203,2687400
2026-06-10 09:30:00,1781098200,LNT,72.93000030517578,73.62000274658203,72.52999877929688,73.0,2945000
2026-06-11 09:30:00,1781184600,LNT,73.27999877929688,73.73999786376953,72.54000091552734,72.62000274658203,2283700
2026-06-12 09:30:00,1781271000,LNT,72.83000183105469,73.41999816894531,72.77999877929688,73.11000061035156,1553700
2026-06-15 09:30:00,1781530200,LNT,72.83999633789062,73.73999786376953,72.23999786376953,73.55000305175781,1551700
2026-06-16 09:30:00,1781616600,LNT,73.73999786376953,74.55999755859375,73.5,73.83999633789062,2427400
2026-06-17 09:30:00,1781703000,LNT,73.30999755859375,73.91000366210938,72.61000061035156,72.81999969482422,3351500
2026-06-18 09:30:00,1781789400,LNT,73.62000274658203,73.70999908447266,72.52999877929688,73.0,4271600
2026-06-22 09:30:00,1782135000,LNT,72.93000030517578,74.0,72.80999755859375,73.20999908447266,2712000
2026-06-23 09:30:00,1782221400,LNT,73.6500015258789,74.66000366210938,73.1500015258789,74.56999969482422,3222600
2026-06-24 09:30:00,1782307800,LNT,74.98999786376953,75.69000244140625,74.5199966430664,75.58999633789062,2496400
2026-06-25 09:30:00,1782394200,LNT,75.81999969482422,76.5999984741211,75.33000183105469,76.19000244140625,2744600
2026-06-26 09:30:00,1782480600,LNT,76.52999877929688,77.36000061035156,76.33000183105469,77.25,2920500
2026-06-29 09:30:00,1782739800,LNT,77.16999816894531,77.3499984741211,76.68000030517578,77.18000030517578,2427700
2026-06-30 09:30:00,1782826200,LNT,77.01000213623047,77.12999725341797,76.1500015258789,76.29000091552734,2388700
2026-07-01 09:30:00,1782912600,LNT,76.0,76.23999786376953,75.52999877929688,75.79000091552734,2220700
2026-07-02 09:30:00,1782999000,LNT,76.2300033569336,78.20999908447266,76.02999877929688,78.02999877929688,2563200
2026-07-06 09:30:00,1783344600,LNT,77.83999633789062,77.98999786376953,76.38999938964844,76.58000183105469,2250200
2026-07-07 09:30:00,1783431000,LNT,77.36000061035156,78.80999755859375,76.7300033569336,77.6500015258789,1994100
2026-07-08 09:30:00,1783517400,LNT,77.73999786376953,77.80000305175781,76.19999694824219,76.37000274658203,2857100
2026-07-09 09:30:00,1783603800,LNT,76.37000274658203,76.80000305175781,75.56999969482422,75.69999694824219,1371800
2026-07-10 09:30:00,1783690200,LNT,75.7300033569336,76.62000274658203,75.69999694824219,76.4000015258789,1680600
2026-07-13 09:30:00,1783949400,LNT,76.61000061035156,77.30000305175781,76.37999725341797,76.62999725341797,2279300
2026-07-14 09:30:00,1784035800,LNT,77.05999755859375,77.44999694824219,76.18000030517578,76.30999755859375,1795700
2026-07-15 09:30:00,1784122200,LNT,76.04000091552734,76.26000213623047,74.44000244140625,74.55000305175781,3171500
2026-07-16 09:30:00,1784208600,LNT,74.88999938964844,75.88999938964844,74.58999633789062,75.75,3071800
2026-07-17 09:30:00,1784295000,LNT,76.95999908447266,77.11000061035156,74.62999725341797,74.81999969482422,2019700
2026-07-20 09:30:00,1784554200,LNT,75.01000213623047,75.69000244140625,73.83999633789062,73.95999908447266,2193000
2026-07-21 09:30:00,1784640600,LNT,73.95999908447266,74.08999633789062,72.36000061035156,73.11000061035156,3618300
2026-07-22 09:30:00,1784727000,LNT,73.87999725341797,74.33999633789062,73.41000366210938,74.0199966430664,2126600
2026-07-23 09:30:00,1784813400,LNT,73.51000213623047,74.80000305175781,73.5,74.41999816894531,1784600
2026-07-24 09:30:00,1784899800,LNT,74.7699966430664,75.44000244140625,74.62999725341797,74.94000244140625,1957500
2026-07-27 09:30:00,1785159000,LNT,74.63999938964844,75.16999816894531,73.7300033569336,73.93000030517578,2139700
2026-07-28 09:30:00,1785245400,LNT,74.8499984741211,75.30999755859375,73.79000091552734,73.79000091552734,2099000
2026-07-29 09:30:00,1785331800,LNT,74.12000274658203,74.30999755859375,71.69999694824219,72.0,3418900
2026-07-30 09:30:00,1785418200,LNT,72.16999816894531,72.29000091552734,70.69000244140625,70.88999938964844,3165400
2026-07-31 09:30:00,1785504600,LNT,70.45999908447266,71.13999938964844,69.91999816894531,70.77999877929688,3240100
2026-08-03 09:30:00,1785763800,LNT,70.70999908447266,71.62999725341797,70.13999938964844,71.2699966430664,3303500
2026-08-04 09:30:00,1785850200,LNT,71.05000305175781,71.20999908447266,70.2300033569336,70.66000366210938,3365000
2026-08-05 09:30:00,1785936600,LNT,70.62999725341797,70.62999725341797,69.37999725341797,70.19999694824219,2560600
2026-08-06 09:30:00,1786023000,LNT,71.05000305175781,71.05000305175781,69.05999755859375,69.5199966430664,2000300
2026-08-07 09:30:00,1786109400,LNT,69.41000366210938,69.86000061035156,68.88999938964844,69.37000274658203,2152100
2026-08-10 09:30:00,1786368600,LNT,69.55000305175781,69.55000305175781,67.94000244140625,68.20999908447266,2749800
2026-08-11 09:30:00,1786455000,LNT,68.05999755859375,68.7699966430664,67.54000091552734,68.58000183105469,2915600
2026-08-12 09:30:00,1786541400,LNT,68.94999694824219,70.45999908447266,68.80999755859375,70.23999786376953,5651600
2026-08-13 09:30:00,1786627800,LNT,70.45999908447266,70.7699966430664,70.1500015258789,70.19999694824219,3255600
2026-08-14 09:30:00,1786714200,LNT,70.01000213623047,70.7699966430664,69.98999786376953,70.5999984741211,1610200
2026-08-17 09:30:00,1786973400,LNT,70.1500015258789,70.44000244140625,69.7699966430664,70.3499984741211,2058000
2026-08-18 09:30:00,1787059800,LNT,71.25,71.45999908447266,69.94999694824219,69.9800033569336,2018100
2026-08-19 09:30:00,1787146200,LNT,70.4800033569336,70.63999938964844,69.83999633789062,70.1500015258789,1936100
2026-08-20 09:30:00,1787232600,LNT,69.80000305175781,70.58999633789062,69.43000030517578,69.45999908447266,1765400
2026-08-21 09:30:00,1787319000,LNT,69.76000213623047,70.51000213623047,67.80999755859375,67.86000061035156,1956200
2026-08-24 09:30:00,1787578200,LNT,68.01000213623047,68.5,67.68000030517578,68.41999816894531,1823200
2026-08-25 09:30:00,1787664600,LNT,68.5,68.68000030517578,68.13999938964844,68.33999633789062,1381100
2026-08-26 09:30:00,1787751000,LNT,68.33999633789062,69.19000244140625,68.16999816894531,68.91999816894531,1706800
2026-08-27 09:30:00,1787837400,LNT,68.30999755859375,68.51000213623047,67.9000015258789,68.20999908447266,1508200
2026-08-28 09:30:00,1787923800,LNT,68.58999633789062,68.7300033569336,67.7300033569336,68.02999877929688,2048700
2026-08-31 09:30:00,1788183000,LNT,67.61000061035156,68.33000183105469,67.37999725341797,67.9800033569336,2360300
2026-09-01 09:30:00,1788269400,LNT,67.9800033569336,68.58000183105469,67.55000305175781,67.91999816894531,2843600
2026-09-02 09:30:00,1788355800,LNT,67.87999725341797,68.12000274658203,67.22000122070312,67.73999786376953,2293100
2026-09-03 09:30:00,1788442200,LNT,67.93000030517578,68.44000244140625,67.66999816894531,68.0,2345900
2026-09-04 09:30:00,1788528600,LNT,67.56999969482422,68.54000091552734,67.44000244140625,67.97000122070312,1849800
2026-09-08 09:30:00,1788874200,LNT,67.86000061035156,69.04000091552734,67.86000061035156,68.61000061035156,2045300
2026-09-09 09:30:00,1788960600,LNT,68.5999984741211,68.97000122070312,67.41999816894531,67.86000061035156,1821600
2026-09-10 09:30:00,1789047000,LNT,67.88999938964844,68.43000030517578,67.16000366210938,67.25,1863100
2026-09-11 09:30:00,1789133400,LNT,67.80000305175781,67.80000305175781,67.02999877929688,67.26000213623047,1950300
2026-09-14 09:30:00,1789392600,LNT,67.30000305175781,67.70999908447266,66.73999786376953,66.91999816894531,1836800
2026-09-15 09:30:00,1789479000,LNT,67.05000305175781,67.12999725341797,65.91000366210938,65.98999786376953,1468500
2026-09-16 09:30:00,1789565400,LNT,66.31999969482422,66.7300033569336,65.80000305175781,66.11000061035156,1908400
2026-09-17 09:30:00,1789651800,LNT,66.2300033569336,66.75,66.05000305175781,66.63999938964844,2221700
2026-09-18 09:30:00,1789738200,LNT,66.5,66.5,65.55999755859375,65.61000061035156,3936400
2026-09-21 09:30:00,1789997400,LNT,65.62000274658203,65.69999694824219,64.76000213623047,64.97000122070312,3064300
2026-09-22 09:30:00,1790083800,LNT,64.9800033569336,65.33000183105469,64.56999969482422,64.62000274658203,2211000
2026-09-23 09:30:00,1790170200,LNT,64.66000366210938,64.66000366210938,63.560001373291016,63.689998626708984,2952300
2026-09-24 09:30:00,1790256600,LNT,63.849998474121094,64.0,63.27000045776367,63.310001373291016,2447200
2026-09-25 09:30:00,1790343000,LNT,63.2599983215332,63.650001525878906,62.70000076293945,63.599998474121094,2704900
2026-09-28 09:30:00,1790602200,LNT,63.439998626708984,63.810001373291016,62.779998779296875,63.209999084472656,4040400
2026-09-29 09:30:00,1790688600,LNT,62.810001373291016,64.47000122070312,62.77000045776367,64.33999633789062,3890400
2026-09-30 09:30:00,1790775000,LNT,64.54000091552734,64.6500015258789,63.18000030517578,63.29999923706055,4636900
2026-10-01 09:30:00,1790861400,LNT,63.29999923706055,63.93000030517578,62.540000915527344,63.709999084472656,3380600
2026-10-02 09:30:00,1790947800,LNT,63.790000915527344,65.19999694824219,63.790000915527344,64.33000183105469,5260100
2026-10-05 09:30:00,1791207000,LNT,64.18000030517578,64.80000305175781,63.970001220703125,64.29000091552734,2983600
2026-10-06 09:30:00,1791293400,LNT,64.66999816894531,65.54000091552734,64.44000244140625,65.48999786376953,2738100
2026-10-07 09:30:00,1791379800,LNT,65.4000015258789,65.66999816894531,65.0999984741211,65.20999908447266,2128900
2026-10-08 09:30:00,1791466200,LNT,65.30999755859375,65.69999694824219,64.86000061035156,65.5,2651800
